,id,name,price,top_tags
0,A000000137086,메디큐브 제로 모공 패드 2.0 (70매) ,"21,600",복합성 웜톤 모공 잡티 블랙헤드 탄력 
1,A000000137180,라운드랩 1025 독도 토너 대용량 500ml 기획(토너 100ml 증정),"25,500",복합성 웜톤 모공 트러블 잡티 블랙헤드 
2,A000000135342,더랩바이블랑두 올리고 히알루론산 5000토너 500ml,"25,500",복합성 웜톤 트러블 모공 잡티 민감성 
3,A000000140255,[한정기획] 마녀공장 비피다 바이옴 앰플 토너 400ml+각질패드 80매 증정 ,"16,900",복합성 웜톤 블랙헤드 잡티 트러블 모공 
4,A000000142697,코스알엑스 풀핏 프로폴리스 시너지 토너 기획세트(280ml+150ml),"16,110",건성 쿨톤 잡티 모공 주름 각질 
5,A000000132162,라운드랩 1025 독도 토너 200ml 기획(토너 50ml 증정),"12,000",복합성 웜톤 트러블 모공 잡티 민감성 
6,A000000141704,브링그린 티트리 시카 수딩 토너 510mL(대용량),"11,610",복합성 웜톤 트러블 모공 잡티 블랙헤드 
7,A000000136077,마녀공장 비피다 바이옴 앰플 토너 400ml (대용량),"16,900",복합성 웜톤 모공 트러블 블랙헤드 민감성 
8,A000000135930,닥터지 레드블레미쉬 클리어 수딩토너 300ml 스페셜세트(화장솜기획),"20,300",복합성 쿨톤 트러블 모공 민감성 블랙헤드 
9,A000000120079,구달 청귤 비타C 토너패드 더블에디션 기획 세트( 2개입),"34,200",복합성 웜톤 모공 트러블 잡티 블랙헤드 
10,A000000104007,젠틀 토닝 로션 200ml 기획 #민감진정 #핑크토너 (100ml 증정),"21,600",복합성 웜톤 트러블 주름 모공 민감성 
11,A000000141932,브링그린 당근비타토너패드100매 (대용량),"15,120",복합성 웜톤 모공 트러블 잡티 블랙헤드 
12,A000000114672,마몽드 로즈워터 토너 250ml,"15,000",복합성 쿨톤 모공 잡티 미백 주름 
13,A000000107027,로벡틴 액티베이팅 트리트먼트 로션 180ml,"14,500",복합성 웜톤 민감성 탄력 잡티 트러블 
14,A000000134638,라네즈 크림 스킨 기획세트 150ml+50ml,"21,280",복합성 웜톤 모공 잡티 블랙헤드 트러블 
15,A000000127574,이드랑스 에센스-인-로션 200ml 기획 ★증량 기획★ #파란에센스,"25,200",복합성 웜톤 잡티 트러블 모공 민감성 
16,A000000142585,닥터지 로얄블랙스네일 퍼스트에센스 165ml 한정기획 #홈케어 #탄력에센스,"21,420",복합성 쿨톤 모공 탄력 주름 트러블 
17,A000000010474,라로슈포제 에빠끌라 H 리밸런싱 하이드레이션 토너,"22,950",복합성 쿨톤 트러블 모공 블랙헤드 잡티 
18,A000000142691,코스알엑스 퓨어핏 시카 토너 더블 에디션(150ml+150ml+실키 터치 스킨팩 화장솜 40매),"20,000",건성 쿨톤 잡티 트러블 모공 미백 
19,A000000004434,바이오더마 하이드라비오 토너 250ml,"16,200",복합성 웜톤 잡티 모공 블랙헤드 탄력 
20,A000000136873,유리아쥬 제모스 토너 500ml 기획(토너패드 증정),"30,400",복합성 쿨톤 모공 블랙헤드 미백 민감성 
21,A000000106421,닥터자르트 NEW 세라마이딘 리퀴드 150ml (세라 보습 고농축 토너),"31,200",복합성 웜톤 잡티 트러블 민감성 각질 
22,A000000141881,이즈앤트리 히아루론산토너 400ml 더블 기획세트(2008),"29,900",지성 웜톤 미백 트러블 블랙헤드 모공 
23,A000000143400,[선물기획]닥터자르트 바이옴 기초FUll 선물세트,"43,200",복합성 쿨톤 잡티 미백 주름 각질 
24,A000000123787,[닥터자르트] 시카페어 토너 250ml (시카 진정 토너),"33,000",복합성 웜톤 트러블 모공 잡티 블랙헤드 
25,A000000002839,바이오더마 센시비오 토너 250ml,"16,200",복합성 웜톤 트러블 민감성 모공 잡티 
26,A000000102929,유세린 더모 퓨리파이어 토너 1+1 기획,"23,400",복합성 쿨톤 트러블 민감성 모공 잡티 
27,A000000125751,나인위시스 하이드라 앰플+토너(팩전용 화장솜 증정) 수분듀오 기획세트,"25,300",복합성 쿨톤 잡티 민감성 블랙헤드 모공 
28,A000000117813,오리진스 메가 버섯 퍼스트 에센스 메가세트 (200ml+100ml),"44,100",복합성 쿨톤 민감성 모공 탄력 주름 
29,A000000131689,[NEW]레스큐 워터 로션 200ml 기획세트 (+NEW 레스큐 워터 에멀전&젤 클렌저 대용량 샘플 증정),"46,800",복합성 웜톤 주름 모공 잡티 민감성 
30,A000000112419,비욘드 엔젤아쿠아 데일리 빅토너 500ml,"9,900",복합성 웜톤 모공 블랙헤드 트러블 잡티 
31,A000000116995,구달 청귤 비타C 토너 패드,"19,200",복합성 웜톤 모공 잡티 트러블 블랙헤드 
32,A000000141973,LRP 똘러리앙 울트라 로션 200ml 기획 (똘러리앙 폼클렌저 15ml 증정) (온),"20,250",복합성 쿨톤 잡티 미백 주름 각질 
33,A000000113806,아이소이 아크니 닥터 1st 컨트롤 토닉 90ml [응급토닉],"24,800",복합성 웜톤 모공 트러블 잡티 블랙헤드 
34,A000000132122,더랩바이블랑두 올리고 히알루론산 5000토너 200ml,"14,700",복합성 웜톤 모공 블랙헤드 트러블 민감성 
35,A000000123301,브링그린 사철쑥카밍밸런스토너270mL,"11,340",복합성 쿨톤 트러블 모공 잡티 탄력 
36,A000000129238,보타닉힐보 더마 인텐시브 시카 판테놀 블레미쉬 토너 250mL,"17,280",복합성 웜톤 모공 각질 잡티 블랙헤드 
37,A000000113195,바이오더마 세비엄 로션 200ml,"19,900",복합성 웜톤 모공 피지과다 트러블 블랙헤드 
38,A000000126862,에스트라 테라크네365 하이드레이션 토너 대용량 기획 320ml,"30,600",복합성 쿨톤 트러블 블랙헤드 민감성 모공 
39,A000000104169,크리니크 클래리파잉 로션 투와이스 어 데이 엑스폴리에이터 3 200ml,"30,600",복합성 쿨톤 트러블 민감성 모공 홍조 
40,A000000141311,글리코릭 애시드 7% 토닝 솔루션,"8,700",복합성 쿨톤 블랙헤드 민감성 잡티 미백 
41,A000000141851,썸바이미 아하·바하·파하 30 데이즈 미라클 토너 150ml 1+1 기획,"18,000",건성 쿨톤 잡티 모공 트러블 블랙헤드 
42,A000000140344,[1+1기획세트]싸이닉 더 심플 카밍 토너 300ml,"17,820",건성 쿨톤 민감성 모공 잡티 블랙헤드 
43,A000000126256,식물나라 카렌둘라리프레시토너500ml,"11,800",복합성 웜톤 트러블 모공 각질 잡티 
44,A000000140641,이드랑스 딥 모이스트 로션 200ml 1+1 기획 #수분가득 #투명토너,"27,000",건성 웜톤 주름 민감성 미백 탄력 
45,A000000139348,LRP 똘러리앙 울트라 로션 400ML,"38,250",복합성 쿨톤 잡티 미백 주름 각질 
46,A000000131210,티르티르 밀크스킨 기획세트(150ml+20ml),"23,200",복합성 웜톤 모공 탄력 잡티 트러블 
47,A000000114336,차앤박 인비져블 필링 부스터 140ml_대용량 한정기획,"25,600",건성 웜톤 트러블 잡티 모공 각질 
48,A000000016872,유리아쥬 이제악 토너 250ml(지복합용 토너),"9,900",복합성 웜톤 트러블 모공 잡티 블랙헤드 
49,A000000138575,한율 어린쑥수분진정토너 150ml,"18,400",복합성 웜톤 모공 잡티 트러블 블랙헤드 
50,A000000130841,비플레인 캐모마일 약산성 토너 190ml,"17,800",복합성 쿨톤 트러블 민감성 모공 각질 
51,A000000011268,아벤느 클리낭스 매트 매티파잉 토너 200ml,"20,300",복합성 웜톤 블랙헤드 트러블 잡티 미백 
52,A000000128323,닥터자르트 컨트롤에이 티트리먼트 토너 200ml (대용량 티트리 약산성 토너),"20,400",지성 웜톤 모공 트러블 블랙헤드 피지과다 
53,A000000116657,유리아쥬 배리어덤 시카 토너 250ml 기획,"22,400",복합성 웜톤 민감성 모공 잡티 미백 
54,A000000105671,리얼베리어 익스트림 에센스 토너 190ml,"17,500",복합성 웜톤 각질 잡티 미백 블랙헤드 
55,A000000122661,아이소이 불가리안 로즈 인텐시브 트리트먼트 에센스 90ml 기획 [코어탄력토닉],"34,500",복합성 웜톤 모공 잡티 주름 탄력 
56,A000000124507,클럽맨피노드 오리지날 에프터쉐이브로션 177ml,"20,000",복합성 웜톤 주름 트러블 잡티 미백 
57,A000000126259,식물나라 페퍼민트리프레시토너500ml,"11,800",복합성 웜톤 모공 트러블 잡티 미백 
58,A000000104167,크리니크 클래리파잉 로션 투와이스 어 데이 엑스폴리에이터 2 200ml,"30,600",복합성 웜톤 미백 주름 잡티 각질 
59,A000000001684,하다라보 고쿠쥰로션170ml,"22,000",복합성 웜톤 잡티 피지과다 모공 탄력 









60,A000000114676,마몽드 캐모마일 퓨어 토너 250ml,"15,000",복합성 웜톤 트러블 민감성 모공 각질 
61,A000000128640,토리든 다이브인 저분자 히알루론산 스킨 부스터 200ml,"11,900",복합성 웜톤 잡티 트러블 블랙헤드 모공 
62,A000000114698,마몽드 로즈워터토너 500ml 화장솜 기획 (NEW),"17,500",복합성 웜톤 잡티 모공 미백 탄력 
63,A000000129443,이즈앤트리 NEW 히아루론산 토너 200ml,"11,200",복합성 웜톤 모공 각질 블랙헤드 피지과다 
64,A000000129444,이즈앤트리 NEW 히아루론산 토너 400ml,"19,900",건성 쿨톤 잡티 트러블 피지과다 민감성 
65,A000000116205,아크네스 세범 밸런싱 스킨 180ml,"12,000",복합성 쿨톤 트러블 잡티 블랙헤드 모공 
66,A000000136387,식물나라 티트리시카토너50ml,"3,000",복합성 웜톤 홍조 블랙헤드 트러블 민감성 
67,A000000138982,더바디샵 티트리 오일 10ML,"13,500",복합성 쿨톤 잡티 피지과다 민감성 미백 
68,A000000141930,NEW 시카고 시카 스피디 카밍 패드 100g(70매) [시카술톤패드],"19,800",복합성 웜톤 트러블 모공 블랙헤드 각질 
69,A000000138002,프리메라 오가니언스워터 180ML,"25,500",건성 웜톤 잡티 주름 모공 탄력 
70,A000000139068,브링그린 티트리 시카 수딩 토너 250mL,"9,810",복합성 웜톤 트러블 모공 블랙헤드 잡티 
71,A000000115420,셀퓨전씨 트리악 pH 컨디션 토너 200ml,"16,800",복합성 쿨톤 트러블 모공 잡티 피지과다 
72,A000000130228,라운드어라운드 그린티 약산성 에센스 워터 150ml,"11,970",복합성 웜톤 트러블 모공 잡티 블랙헤드 
73,A000000140753,닥터지 레드 블레미쉬 포 맨 멀티 수딩 토너 세트 (토너 200ml + 스킨워시 60ml),"23,200",건성 웜톤 민감성 잡티 미백 주름 
74,A000000118106,보타닉힐 보 프로바이오덤 리페어 스킨 소프너150mL,"17,280",복합성 웜톤 트러블 민감성 잡티 모공 
75,A000000142413,멜릭서 비건 밸런싱 토너 듀오세트 150ml+150ml,"18,000",복합성 쿨톤 잡티 모공 홍조 트러블 
76,A000000012925,비쉬 아쿠알리아 떼르말 부스팅 에센스 워터,"26,100",건성 웜톤 잡티 트러블 민감성 모공 
77,A000000141900,유세린 더머토 클린 클래리파잉 토너 200ml 1+1 기획,"26,000",건성 웜톤 잡티 탄력 미백 주름 
78,A000000115493,달팡 인트랄 토너 200ml,"38,700",복합성 웜톤 미백 모공 탄력 잡티 
79,A000000129303,티르티르 진정해! 버블 토너 150ml,"25,600",복합성 웜톤 각질 트러블 민감성 모공 
80,A000000112264,메디큐브 레드 토너 100ml,"25,600",복합성 쿨톤 트러블 민감성 잡티 미백 
81,A000000135933,케어존 아큐어 각질 토너패드 60매 복숭아 기획 (2003),"15,120",복합성 웜톤 모공 트러블 블랙헤드 잡티 
82,A000000129035,에스트라 테라크네365 하이드레이션 토너 150ml,"20,400",복합성 웜톤 트러블 모공 민감성 탄력 
83,A000000123588,나인위시스 하이드라 앰플 토너,"18,200",건성 웜톤 트러블 민감성 잡티 모공 
84,A000000016030,보타닉힐 보 더마 워터 세라마이드 토너,"15,200",복합성 웜톤 잡티 트러블 각질 민감성 
85,A000000143245,마몽드 로즈워터토너 250ML 기획세트(리필팩),"16,000",복합성 쿨톤 잡티 미백 주름 각질 
86,A000000136510,더랩바이블랑두 히알루론산 7멀티 포뮬라 패드 60매,"19,600",복합성 웜톤 모공 각질 트러블 블랙헤드 
87,A000000137553,아크네스 포어 타이트닝 세럼 30ml,"18,200",복합성 웜톤 잡티 모공 트러블 블랙헤드 
88,A000000135374,아로마티카 바이탈라이징 로즈마리 디콕션 토너 300ml [대용량토너],"11,400",건성 쿨톤 잡티 미백 주름 각질 
89,A000000139057,아벤느 이드랑스 딥모이스트 로션 200ml,"17,010",건성 쿨톤 잡티 탄력 미백 주름 
90,A000000135974,셀리맥스 더 리얼 노니 수분 밸런싱 토너 150ml,"17,500",복합성 웜톤 잡티 트러블 미백 각질 
91,A000000141327,랙틱 애시드 10%+에이치에이,"6,700",복합성 쿨톤 잡티 미백 주름 각질 
92,A000000139347,LRP 똘러리앙 울트라 로션 200ML,"21,800",복합성 쿨톤 잡티 주름 각질 트러블 
93,A000000137466,로벡틴 스킨 이센셜즈 액티베이팅 트리트먼트로션 2020 기획세트,"21,750",복합성 쿨톤 트러블 모공 각질 민감성 
94,A000000016152,듀크레이 케라크닐 모공 토너 200ml ,"21,600",건성 쿨톤 잡티 각질 트러블 피지과다 
95,A000000103112,차앤박 아쿠아 수딩 토너 기획 200ml+100ml,"22,100",복합성 웜톤 각질 잡티 미백 트러블 
96,A000000137388,아크네스 포맨 퍼펙트 스킨,"12,600",복합성 쿨톤 잡티 미백 주름 각질 
97,A000000112665,이즈앤트리 클리어 스킨 바하 토너 200ml,"11,760",복합성 웜톤 모공 탄력 잡티 트러블 
98,A000000138757,센텔리안24 마데카 릴리프 토너 150ml,"20,700",복합성 웜톤 잡티 블랙헤드 모공 트러블 
99,A000000116928,이자녹스 크리스탈 에이징 컴포팅 토너 150ml,"29,800",복합성 웜톤 모공 주름 트러블 미백 
100,A000000128944,케어존 아큐어 각질 원샷 토너패드 더블기획,"29,600",복합성 쿨톤 트러블 모공 미백 각질 
101,A000000116659,유리아쥬 제모스 토너 500ml,"30,400",복합성 쿨톤 트러블 민감성 잡티 미백 
102,A000000143228,메이크프렘 세이프 미 릴리프 에센스 토너 400ml,"19,600",복합성 쿨톤 잡티 미백 주름 각질 
103,A000000141417,잇츠스킨 레몬씨 스퀴즈 앰플 토너 500ml,"8,900",복합성 쿨톤 모공 잡티 트러블 블랙헤드 
104,A000000143458,마녀공장 갈락토미 클리어스킨 토너 210ml,"26,000",복합성 쿨톤 잡티 미백 주름 각질 
105,A000000008682,차앤박 인비져블 필링 부스터 100ml+프로폴리스 수면팩 20ml,"25,600",건성 웜톤 미백 잡티 주름 블랙헤드 
106,A000000125508,라운드랩 1025 독도 토너 500ml,"25,500",복합성 웜톤 모공 트러블 잡티 블랙헤드 
107,A000000105093,더마리프트 마일덤 히알루로닉 토너 스페셜 기획세트,"25,200",복합성 쿨톤 잡티 미백 주름 각질 
108,A000000121269,싸이닉 더 심플 카밍 토너 145ml,"9,900",복합성 웜톤 모공 트러블 민감성 블랙헤드 
109,A000000143244,비오템옴므 아쿠아틱 로션 애프터 쉐이브  200ml,"48,600",복합성 쿨톤 잡티 미백 주름 각질 
110,A000000137445,비오템 옴므 아쿠아파워 토너 200ml,"48,600",복합성 쿨톤 잡티 미백 주름 각질 
111,A000000129474,코스알엑스 풀핏 프로폴리스 시너지 토너 280ml,"16,110",복합성 웜톤 트러블 잡티 모공 민감성 
112,A000000121122,비욘드 엔젤아쿠아 브라이트닝밀키 토너 500ml,"11,800",복합성 웜톤 모공 잡티 주름 트러블 
113,A000000137417,비오템 옴므 티쀼르 토너 200ml,"45,900",복합성 쿨톤 잡티 미백 주름 각질 
114,A000000135938,케어존 아큐어 각질 클리어링 솔루션 200ml 기획,"22,400",건성 웜톤 잡티 모공 민감성 탄력 
115,A000000006662,DTRT 토너 쏘 파인(140ml)_Toner So Fine,"14,900",지성 웜톤 모공 미백 각질 트러블 
116,A000000137502,코스알엑스 퓨어핏 시카 토너 150ml,"16,000",복합성 웜톤 잡티 트러블 모공 민감성 
117,A000000116600,눅스 아쿠아벨라 에센스 토너 200ml,"22,100",복합성 웜톤 잡티 미백 주름 트러블 
118,A000000121242,웰라쥬 리얼 히알루로닉 밀크 필 토너,"14,450",복합성 쿨톤 트러블 민감성 블랙헤드 모공 
119,A000000132115,브링그린 찹쌀 배리어 크림 스킨 210mL,"15,600",복합성 웜톤 잡티 블랙헤드 모공 주름 












120,A000000121239,웰라쥬 리얼 히알루로닉 캡슐 세럼 스페셜 세트,"24,200",복합성 쿨톤 트러블 블랙헤드 민감성 모공 
121,A000000121120,유리아쥬 제모스 토너 250ml 기획(클렌징 워터 센서티브 250ml 증정),"21,000",건성 웜톤 탄력 잡티 주름 민감성 
122,A000000112401,케어존 닥터솔루션 더마 밀크-히알루로닉 플루이드 150ml,"20,300",복합성 쿨톤 트러블 민감성 홍조 잡티 
123,A000000114675,마몽드 아쿠아 필 토너 250ml,"15,000",복합성 쿨톤 트러블 블랙헤드 잡티 미백 
124,A000000118241,닥터지 필라그린 배리어 토너 160ml,"21,200",건성 쿨톤 트러블 잡티 미백 각질 
125,A000000014088,케어존 피큐어 포어 튜닝 토너 EX 170ml,"18,400",복합성 쿨톤 잡티 미백 주름 각질 
126,A000000135384,아크웰 베타글루션 초보습 토너 150ml,"18,200",복합성 웜톤 미백 민감성 잡티 주름 
127,A000000127459,식물나라 제주탄산수리프레시토너250ml,"8,820",건성 웜톤 잡티 주름 블랙헤드 탄력 
128,A000000129489,이즈앤트리 히아루론산 토너 플러스 200ml 기획세트,"12,900",복합성 쿨톤 트러블 잡티 블랙헤드 모공 
129,A000000105094,더마리프트 인텐시덤 리치 토너 스페셜 기획세트,"33,600",건성 쿨톤 각질 트러블 모공 탄력 
130,A000000104976,크리니크 포 맨 엑스폴리에이팅 토닉 200ml,"32,400",복합성 쿨톤 잡티 미백 주름 각질 
131,A000000126093,XTM 애프터쉐이브 멀티토너 200 mL,"14,900",복합성 쿨톤 트러블 홍조 피지과다 모공 
132,A000000142485,구달 사과 아하 매끈 패드 70매,"16,000",복합성 쿨톤 잡티 미백 주름 각질 
133,A000000016507,프레시 토너,"14,400",건성 쿨톤 트러블 미백 각질 민감성 
134,A000000129550,차앤박 듀얼밸런스 안티 오일리 토너 150ml(1908),"28,800",복합성 웜톤 미백 탄력 주름 블랙헤드 
135,A000000120123,차앤박 하이드로세라 에센셜토너 150ml,"28,800",복합성 쿨톤 잡티 미백 주름 각질 
136,A000000136026,라네즈 크림 스킨 소용량 기획세트 50ml*5ea,"31,200",복합성 쿨톤 잡티 피지과다 민감성 모공 
137,A000000124070,해서린 모닝 부스트 앰플 토너 (아침토너) 300ml,"15,400",복합성 쿨톤 블랙헤드 모공 잡티 미백 
138,A000000140734,프로바이오틱스 스킨배리어 체험키트,"3,900",복합성 웜톤 잡티 각질 트러블 블랙헤드 
139,A000000124493,클럽맨리저브 젠트진 에프터쉐이브 50ml,"9,000",지성 쿨톤 트러블 모공 잡티 미백 
140,A000000002389,비쉬 놀마덤 퓨리파잉 포어 타이트닝 토너,"26,100",복합성 쿨톤 잡티 미백 주름 각질 
141,A000000135771,티르티르 탄탄해! 콜라겐 버블 토너 150ml,"25,600",복합성 쿨톤 잡티 미백 주름 각질 
142,A000000124978,[올영단독기획]바이오더마 세비엄 로션200ml 기획 ,"24,650",복합성 웜톤 트러블 모공 잡티 블랙헤드 
143,A000000117854,헤지스맨 룰429 리프레싱 토너 200ml,"24,300",복합성 쿨톤 잡티 주름 각질 트러블 
144,A000000007413,"아이소이 옹달샘 촉촉, 스킨 130ml [옹달샘스킨]","23,800",지성 웜톤 잡티 피지과다 미백 주름 
145,A000000116782,하다라보 기와미츠 하또무기&비타민C 400ml,"11,500",복합성 쿨톤 트러블 잡티 미백 블랙헤드 
146,A000000116603,마몽드 플로랄하이드로 앰플 토너 150ml ,"14,400",복합성 웜톤 홍조 미백 탄력 잡티 
147,A000000118427,아임프롬 라이스 토너 150ml,"22,400",복합성 쿨톤 잡티 미백 주름 각질 
148,A000000118247,엠브리올리스 오 드 보떼 로자멜리스 200ml,"22,400",복합성 쿨톤 잡티 트러블 피지과다 민감성 
149,A000000115384,로벡틴 시카 케어 퓨리파잉 토너 260ml,"22,000",복합성 웜톤 잡티 블랙헤드 모공 미백 
150,A000000118936,오우썸 수딩앤딥모이스처라이징 카렌듈라 토너 200ml,"21,500",복합성 쿨톤 각질 트러블 블랙헤드 잡티 
151,A000000129445,이즈앤트리 히아루론산 토너 플러스 200ml,"12,900",건성 웜톤 각질 모공 트러블 블랙헤드 
152,A000000124512,클럽맨피노드 클래식바닐라 에프터쉐이브로션 177ml,"20,000",복합성 쿨톤 잡티 미백 주름 각질 
153,A000000124509,클럽맨피노드 머스크 에프터쉐이브코롱 177ml,"20,000",복합성 쿨톤 잡티 미백 주름 각질 
154,A000000131577,케어존 더마밀크 히알루로닉 크림스킨 200ml 기획,"19,900",복합성 쿨톤 각질 피지과다 모공 잡티 
155,A000000005060,케어존 노르데나우 워터 토너 170ml,"19,500",복합성 웜톤 트러블 모공 잡티 블랙헤드 
156,A000000115910,시카고 시카 엑스퍼트 미스트 토너 150ml [진정뿌토],"19,200",복합성 웜톤 블랙헤드 민감성 홍조 잡티 
157,A000000141403,크리니크 모이스춰 써지 하이드레이팅 로션 100ml,"19,000",복합성 쿨톤 잡티 미백 주름 각질 
158,A000000138980,더바디샵 스킨 클리어링 매티파잉 토너 250ML,"18,500",복합성 쿨톤 잡티 미백 주름 각질 
159,A000000103651,케어존 옴므 닥터솔루션 센서티브 토너 170ml,"18,400",복합성 쿨톤 잡티 미백 주름 각질 
160,A000000140830,더마토리 프로 히알샷 물광토너패드,"17,600",복합성 쿨톤 잡티 미백 주름 각질 
161,A000000137645,BRTC 센텔라시카 토너 인 패드 80매,"17,600",복합성 쿨톤 잡티 미백 각질 트러블 
162,A000000137657,라네즈옴므 액티브워터 스킨 180ML(20AD),"20,800",복합성 쿨톤 잡티 미백 주름 각질 
163,A000000011084,엠도씨 릴리프 토닉 위드 애프터셰이브,"17,000",건성 웜톤 블랙헤드 잡티 주름 트러블 
164,A000000122718,케어존 아큐어 각질 원샷 토너패드,"16,800",복합성 웜톤 모공 민감성 잡티 트러블 
165,A000000141719,VT 슈퍼 히알론 스킨부스터 300ML,"16,100",복합성 쿨톤 잡티 미백 주름 각질 
166,A000000138697,갸스비 포어 케어 모공 각질 필링패드 40매,"16,000",복합성 쿨톤 잡티 미백 주름 각질 
167,A000000142746,바버501 애프터 쉐이브 그린 150ml,"15,900",복합성 쿨톤 잡티 미백 주름 각질 
168,A000000137115,코스알엑스 하이드리움 워터리 토너 280ml,"15,400",복합성 웜톤 트러블 모공 민감성 잡티 
169,A000000128107,닥터자르트 컨트롤에이 티트리먼트 토너 120ml (티트리 약산성 토너),"15,200",복합성 웜톤 피지과다 모공 트러블 민감성 
170,A000000112950,로벡틴 액티베이팅 트리트먼트 로션 100ml,"14,400",건성 웜톤 블랙헤드 민감성 모공 피지과다 
171,A000000126077,브링그린 당근비타토너패드60매,"14,220",복합성 쿨톤 잡티 미백 블랙헤드 민감성 
172,A000000120129,벤튼 알로에 바하 스킨토너 200ml,"14,000",복합성 웜톤 잡티 모공 트러블 블랙헤드 
173,A000000117997,썸바이미 아하·바하·파하 30 데이즈 미라클 토너 150ml,"13,900",건성 웜톤 트러블 모공 잡티 민감성 
174,A000000141330,랙틱 애시드 5%+에이치에이,"6,500",복합성 쿨톤 잡티 미백 주름 각질 
175,A000000127405,마몽드 세라마이드스킨소프너 200ML(19AD),"12,800",복합성 웜톤 잡티 미백 트러블 블랙헤드 
176,A000000125507,라운드랩 1025 독도 토너 200ml,"12,000",복합성 웜톤 모공 트러블 잡티 민감성 
177,A000000016751,라끄베르 옴므리차지 애프터쉐이브 185mlNEW,"12,000",복합성 웜톤 모공 트러블 홍조 잡티 
178,A000000015612,비욘드 옴므 더트리 포맨 모이스처 토너 150ml,"14,400",복합성 웜톤 미백 모공 탄력 잡티 
179,A000000114670,마몽드 포어 클린 토너 250ml,"15,000",복합성 쿨톤 잡티 미백 주름 각질 











180,A000000116781,하다라보 기와미츠 워터 400ml,"11,500",복합성 쿨톤 잡티 미백 주름 각질 
181,A000000129082,식물나라 허니유자리프레시토너250ml,"9,800",복합성 웜톤 잡티 주름 모공 탄력 
182,A000000138986,더바디샵 티트리 타겟티드 젤 2.5ml,"9,500",복합성 쿨톤 잡티 미백 주름 각질 
183,A000000124503,클럽맨피노드 오리지날 에프터쉐이브로션 50ml,"9,000",복합성 쿨톤 민감성 각질 트러블 홍조 
184,A000000142486,구달 사과 아하 매끈 토너 300ml,"14,400",복합성 쿨톤 잡티 미백 주름 각질 
185,A000000012063,하다라보 고쿠쥰 로션라이트_170ml,"17,600",복합성 쿨톤 잡티 미백 주름 각질 
186,A000000139261,PRORASO 에프터 쉐이브 로션(너리쉬 ),"35,000",복합성 쿨톤 잡티 미백 주름 각질 
187,A000000009354,차앤박 옴므 에이 케어 토너 120ml,"21,600",복합성 쿨톤 트러블 블랙헤드 모공 잡티 
188,A000000010156,케어존 노르데나우 워터 에센스 45ml,"25,600",건성 웜톤 잡티 모공 홍조 각질 
189,A000000141668,싸이닉 히아루론산 앰플 스킨 300ml,"13,400",복합성 쿨톤 잡티 미백 주름 각질 
190,A000000139273,PRORASO 에프터 쉐이브 로션(리프레쉬 유칼립투스),"35,000",복합성 쿨톤 잡티 미백 주름 각질 
191,A000000142567,닥터지로얄블랙스네일퍼스트에센스165mL,"21,420",건성 쿨톤 민감성 블랙헤드 트러블 모공 
192,A000000143195,퍼펙트 스킨 150mL,"19,800",복합성 쿨톤 잡티 미백 주름 각질 
193,A000000005766,유세린 더모 퓨리파이어 토너,"18,200",복합성 쿨톤 각질 트러블 민감성 잡티 
194,A000000142744,바버501 애프터 쉐이브 레드 150ml,"15,900",복합성 쿨톤 잡티 미백 주름 각질 
195,A000000142745,바버501 애프터 쉐이브 옐로우 150ml,"15,900",복합성 쿨톤 잡티 미백 주름 각질 
196,A000000141032,허브노트 아하 바하 파하 리프레쉬 퓨리파잉 토너 200ml,"23,000",복합성 쿨톤 잡티 미백 주름 각질 
197,A000000141168,눅스 아쿠아벨라 에센스 토너 100ml,"7,200",복합성 웜톤 주름 트러블 탄력 모공 
198,A000000140469,싸이닉 더 심플 시카 토너 패드 60매,"16,200",복합성 웜톤 트러블 모공 잡티 주름 
199,A000000142776,싸이닉 더 심플 시카 토너 패드 기획세트,"16,200",복합성 쿨톤 잡티 미백 주름 각질 
200,A000000012743,비쉬 아쿠알리아 떼르말 하이드레이팅 리프레싱 워터,"16,200",복합성 쿨톤 잡티 미백 주름 각질 
201,A000000142945,눅스 베리로즈 리프레쉬 토너 200ml 기획 (+멀티코튼티슈 20매 증정),"23,400",복합성 웜톤 트러블 민감성 미백 주름 
202,A000000139907,닥터자르트 바이옴 에멀전 120ml ,"36,000",건성 쿨톤 주름 민감성 탄력 잡티 
203,A000000141252,진저6 라이크 화이트 블라썸 에센스 토너 150ml,"19,200",복합성 쿨톤 잡티 미백 주름 각질 
204,A000000139945,네오젠 프로바이오틱스 릴리프 토닝패드(#진정스킨패드),"10,900",복합성 웜톤 잡티 트러블 블랙헤드 홍조 
205,A000000141206,블랙몬스터 밸런싱 스킨 토너 300ml,"16,800",복합성 쿨톤 잡티 미백 주름 각질 
206,A000000143193,라네즈옴므 블루에너지스킨토너EX 180 ML (2005),"24,000",복합성 쿨톤 잡티 미백 주름 각질 
207,A000000011085,엠도씨 세붐 스트라이크 토너,"15,300",복합성 쿨톤 잡티 미백 주름 각질 
208,A000000113671,메이크프렘 세이프 미 릴리프 모이스처 토너 200ml,"24,000",지성 웜톤 트러블 블랙헤드 민감성 모공 
209,A000000134237,그라펜 카밍 스킨 부스터 180ml,"23,000",건성 쿨톤 주름 민감성 탄력 홍조 
210,A000000014948,바이오더마 센시비오 토너 100ml,"15,300",복합성 웜톤 트러블 모공 잡티 미백 
211,A000000124267,한율 달빛유자오일토너 200ml,"28,000",복합성 웜톤 잡티 주름 트러블 모공 
212,A000000124326,라마린 메드 페이셜 토너 200ml,"35,000",건성 웜톤 잡티 블랙헤드 민감성 미백 
213,A000000124490,AHC 365 레드 토너 기획 세트(올리브영 단독),"16,800",복합성 쿨톤 잡티 각질 트러블 민감성 
214,A000000124495,클럽맨리저브 젠트진 에프터쉐이브 177ml,"20,000",복합성 쿨톤 미백 주름 탄력 잡티 
215,A000000123150,차앤박 비타비 퍼스트 하이드레이터 200ml,"18,900",복합성 쿨톤 잡티 주름 트러블 피지과다 
216,A000000124496,클럽맨리저브 브랜디스파이스 에프터쉐이브 50ml,"9,000",복합성 쿨톤 잡티 미백 주름 각질 
217,A000000124501,클럽맨리저브 위스키우즈 에프터쉐이브 50ml,"9,000",복합성 쿨톤 잡티 미백 주름 각질 
218,A000000124502,클럽맨리저브 위스키우즈 에프터쉐이브 177ml,"20,000",복합성 웜톤 주름 잡티 미백 각질 
219,A000000112534,리리코스 마린에너지 딥 씨 워터폴 토너 150ml,"11,000",지성 쿨톤 블랙헤드 잡티 미백 모공 
220,A000000124508,클럽맨피노드 머스크 에프터쉐이브코롱 50ml,"9,000",복합성 쿨톤 잡티 미백 주름 각질 
221,A000000124499,클럽맨리저브 브랜디스파이스 에프터쉐이브 177ml,"20,000",복합성 쿨톤 잡티 미백 주름 각질 
222,A000000124511,클럽맨피노드 클래식바닐라 에프터쉐이브로션 50ml,"9,000",복합성 쿨톤 잡티 미백 주름 각질 
223,A000000123148,케어존 닥터R 아큐어 토너EX 170,"18,400",지성 쿨톤 주름 트러블 모공 홍조 
224,A000000121274,싸이닉 슈퍼모이스트 에센스워터 200ml,"12,000",복합성 웜톤 민감성 트러블 블랙헤드 주름 
225,A000000115019,오리진스 오리지널 스킨 에센스 로션 위드 듀얼퍼먼트 컴플렉스 150ml (0MKP),"36,000",복합성 웜톤 각질 트러블 피지과다 민감성 
226,A000000116445,이브로쉐 이드라 베제탈 모이스처라이징 토니파잉 로션 200ml (Re),"13,000",복합성 웜톤 잡티 트러블 모공 블랙헤드 
227,A000000113012,셀린저 리얼 토너 200ml,"10,000",복합성 쿨톤 트러블 블랙헤드 피지과다 모공 
228,A000000113011,셀린저 리얼 토너 센텔라아시아티카 200ml,"10,000",복합성 웜톤 민감성 잡티 트러블 모공 
229,A000000113008,셀린저 리얼 토너 씨벅톤 200ml,"10,000",복합성 쿨톤 잡티 미백 주름 각질 
230,A000000113010,셀린저 리얼 토너 티트리 200ml,"10,000",복합성 쿨톤 잡티 미백 주름 각질 
231,A000000119842,이아소 포맨 화이트 이엑스 애프터쉐이브 130ml,"27,200",복합성 쿨톤 잡티 미백 주름 각질 
232,A000000113009,셀린저 리얼 토너 카렌듈라 200ml,"10,000",건성 웜톤 잡티 각질 민감성 홍조 
233,A000000121246,싸이닉 더 심플 카밍 토너 145ml,"9,900",복합성 쿨톤 잡티 미백 주름 각질 
234,A000000121270,싸이닉 더 심플 카밍 토너 300ml,"30,000",복합성 웜톤 민감성 블랙헤드 모공 트러블 
235,A000000118720,라운드어라운드 컴포트 하이드레이팅 워터200ml,"19,900",복합성 쿨톤 트러블 모공 주름 블랙헤드 
236,A000000138983,더바디샵 티트리 오일 20ML,"21,000",복합성 쿨톤 잡티 미백 주름 각질 
237,A000000125964,세이어스 라벤더 위치하젤토너 355ml,"17,900",건성 웜톤 잡티 모공 주름 각질 
238,A000000143735,더랩바이블랑두 올리고 히알루론산 인생토너 기획세트 (토너200ml+토너50ml),"21,000",복합성 쿨톤 잡티 미백 주름 각질 
239,A000000136523,그라펜 하이드라 부스트 미스트 120ml,"26,000",복합성 쿨톤 잡티 미백 주름 각질 
